{"cameraMode":{"drawMode":0,"name":"Shaded","section":"Shading Mode"},"sceneLighting":true,"audioPlay":false,"sceneViewState":{"m_AlwaysRefresh":false,"showFog":true,"showSkybox":true,"showFlares":true,"showImageEffects":true,"showParticleSystems":true,"showVisualEffectGraphs":true,"m_FxEnabled":true},"in2DMode":false,"pivot":{"x":1.499998927116394,"y":0.000026047082428704016,"z":45.0485725402832},"rotation":{"x":0.002550968900322914,"y":0.9840099215507507,"z":-0.17753535509109498,"w":0.01416857447475195},"size":34.38323211669922,"orthographic":true}