{"cameraMode":{"drawMode":0,"name":"Shaded","section":"Shading Mode"},"sceneLighting":true,"audioPlay":false,"sceneViewState":{"m_AlwaysRefresh":false,"showFog":true,"showSkybox":true,"showFlares":true,"showImageEffects":true,"showParticleSystems":true,"showVisualEffectGraphs":true,"m_FxEnabled":true},"in2DMode":false,"pivot":{"x":-0.551663875579834,"y":8.937760353088379,"z":55.14118576049805},"rotation":{"x":0.0016403389163315297,"y":-0.998264491558075,"z":0.04795398935675621,"w":0.03414824604988098},"size":22.186420440673829,"orthographic":false}