{"cameraMode":{"drawMode":0,"name":"Shaded","section":"Shading Mode"},"sceneLighting":true,"audioPlay":false,"sceneViewState":{"m_AlwaysRefresh":false,"showFog":true,"showSkybox":true,"showFlares":true,"showImageEffects":true,"showParticleSystems":true,"showVisualEffectGraphs":true,"m_FxEnabled":true},"in2DMode":false,"pivot":{"x":6.2162933349609379,"y":2.462714672088623,"z":0.8278169631958008},"rotation":{"x":0.0039055191446095707,"y":0.9960737824440002,"z":-0.06464561820030213,"w":0.0601360909640789},"size":0.7071067690849304,"orthographic":false}