{"cameraMode":{"drawMode":0,"name":"Shaded","section":"Shading Mode"},"sceneLighting":true,"audioPlay":false,"sceneViewState":{"m_AlwaysRefresh":false,"showFog":true,"showSkybox":true,"showFlares":true,"showImageEffects":true,"showParticleSystems":true,"showVisualEffectGraphs":true,"m_FxEnabled":true},"in2DMode":false,"pivot":{"x":6.729999542236328,"y":3.9700002670288088,"z":81.30999755859375},"rotation":{"x":0.001029745675623417,"y":0.9986289739608765,"z":0.021575383841991426,"w":-0.0476742759346962},"size":12.12435531616211,"orthographic":true}