{"cameraMode":{"drawMode":0,"name":"Shaded","section":"Shading Mode"},"sceneLighting":true,"audioPlay":false,"sceneViewState":{"m_AlwaysRefresh":false,"showFog":true,"showSkybox":true,"showFlares":true,"showImageEffects":true,"showParticleSystems":true,"showVisualEffectGraphs":true,"m_FxEnabled":true},"in2DMode":false,"pivot":{"x":-26.443010330200197,"y":1.4390298128128052,"z":-87.85002899169922},"rotation":{"x":0.00013801708701066673,"y":0.998893678188324,"z":-0.0213102325797081,"w":0.03850076347589493},"size":5.107395172119141,"orthographic":false}