{"cameraMode":{"drawMode":0,"name":"Shaded","section":"Shading Mode"},"sceneLighting":false,"audioPlay":false,"sceneViewState":{"m_AlwaysRefresh":false,"showFog":true,"showSkybox":false,"showFlares":true,"showImageEffects":true,"showParticleSystems":true,"showVisualEffectGraphs":true,"m_FxEnabled":true},"in2DMode":false,"pivot":{"x":0.2103416621685028,"y":0.9227585792541504,"z":2.4870705604553224},"rotation":{"x":0.00012447919289115816,"y":0.9978076219558716,"z":-0.06626066565513611,"w":0.0017962618730962277},"size":1.2124354839324952,"orthographic":false}