{"cameraMode":{"drawMode":0,"name":"Shaded","section":"Shading Mode"},"sceneLighting":false,"audioPlay":false,"sceneViewState":{"m_AlwaysRefresh":false,"showFog":true,"showSkybox":false,"showFlares":true,"showImageEffects":true,"showParticleSystems":true,"showVisualEffectGraphs":true,"m_FxEnabled":true},"in2DMode":false,"pivot":{"x":-0.23118183016777039,"y":0.6438202857971191,"z":-0.22307395935058595},"rotation":{"x":0.0000044815565161115959,"y":0.999993085861206,"z":-0.002999992575496435,"w":0.0015002824366092682},"size":3.7620527744293215,"orthographic":false}