{"cameraMode":{"drawMode":2,"name":"Shaded Wireframe","section":"Shading Mode"},"sceneLighting":false,"audioPlay":false,"sceneViewState":{"m_AlwaysRefresh":false,"showFog":true,"showSkybox":false,"showFlares":true,"showImageEffects":true,"showParticleSystems":true,"showVisualEffectGraphs":true,"m_FxEnabled":true},"in2DMode":false,"pivot":{"x":11.907833099365235,"y":0.8130078315734863,"z":30.286029815673829},"rotation":{"x":-0.013533364050090313,"y":0.9709762930870056,"z":-0.2317560464143753,"w":-0.056165121495723727},"size":1.0814218521118165,"orthographic":false}