{"cameraMode":{"drawMode":0,"name":"Shaded","section":"Shading Mode"},"sceneLighting":true,"audioPlay":false,"sceneViewState":{"m_AlwaysRefresh":false,"showFog":true,"showSkybox":true,"showFlares":true,"showImageEffects":true,"showParticleSystems":true,"showVisualEffectGraphs":true,"m_FxEnabled":true},"in2DMode":false,"pivot":{"x":6.729999542236328,"y":3.9700002670288088,"z":80.54000091552735},"rotation":{"x":0.0020864815451204778,"y":0.9439682364463806,"z":-0.005953916348516941,"w":0.329992413520813},"size":12.12435531616211,"orthographic":false}